YEAR_,STATE,TOTALACRES
1980.0,Alabama,2626.399999999999
1980.0,Alaska,129286.40000000004
1980.0,Arizona,152371.99999999997
1980.0,Arkansas,3102.1999999999985
1980.0,California,211974.50000000955
1980.0,Colorado,12775.200000000028
1980.0,Delaware,0.3
1980.0,District of Columbia,2.2
1980.0,Florida,48735.7
1980.0,Georgia,4494.300000000001
1980.0,Hawaii,20.300000000000004
1980.0,Idaho,128581.0
1980.0,Illinois,66.1
1980.0,Indiana,493.3
1980.0,Iowa,82.0
1980.0,Kansas,16.0
1980.0,Kentucky,9185.0
1980.0,Maryland,1.5
1980.0,Massachusetts,4.1
1980.0,Michigan,25128.699999999993
1980.0,Minnesota,20538.39999999998
1980.0,Mississippi,4279.499999999996
1980.0,Missouri,5653.9000000000015
1980.0,Montana,65410.099999999984
1980.0,Nebraska,2071.3999999999996
1980.0,Nevada,60928.0
1980.0,New Hampshire,3.7000000000000006
1980.0,New Jersey,50.1
1980.0,New Mexico,5404.300000000001
1980.0,New York,274.29999999999995
1980.0,North Carolina,4671.599999999997
1980.0,North Dakota,8471.300000000012
1980.0,Ohio,198.09999999999994
1980.0,Oklahoma,6474.799999999999
1980.0,Oregon,71184.09999999998
1980.0,Pennsylvania,136.0
1980.0,South Carolina,2606.999999999998
1980.0,South Dakota,26880.499999999956
1980.0,Tennessee,1187.6000000000006
1980.0,Texas,10236.4
1980.0,Utah,16832.29999999998
1980.0,Vermont,0.2
1980.0,Virginia,823.6000000000008
1980.0,Washington,2504.199999999997
1980.0,West Virginia,395.99999999999994
1980.0,Wisconsin,4598.1
1980.0,Wyoming,5295.400000000005
1981.0,Alabama,4790.800000000002
1981.0,Alaska,634474.4999999999
1981.0,Arizona,12675.400000000089
1981.0,Arkansas,4278.4
1981.0,California,153720.60000000056
1981.0,Colorado,12675.200000000032
1981.0,Delaware,1.0
1981.0,District of Columbia,6.799999999999999
1981.0,Florida,326363.3999999998
1981.0,Georgia,8704.800000000028
1981.0,Hawaii,68.19999999999999
1981.0,Idaho,683874.7
1981.0,Illinois,71.5
1981.0,Indiana,3142.1
1981.0,Iowa,104.0
1981.0,Kansas,1200.0
1981.0,Kentucky,7254.700000000001
1981.0,Louisiana,0.4
1981.0,Maine,1.7000000000000006
1981.0,Maryland,54.6
1981.0,Massachusetts,17.700000000000003
1981.0,Michigan,1.0
1981.0,Minnesota,3094.299999999997
1981.0,Mississippi,23020.29999999997
1981.0,Missouri,695.3000000000001
1981.0,Montana,28805.4
1981.0,Nebraska,275.1
1981.0,Nevada,50871.5
1981.0,New Hampshire,2.2
1981.0,New Jersey,264.5000000000001
1981.0,New Mexico,1797.8
1981.0,New York,231.09999999999985
1981.0,North Carolina,3492.7999999999956
1981.0,North Dakota,3426.3999999999965
1981.0,Ohio,3.1
1981.0,Oklahoma,4437.3
1981.0,Oregon,121329.39999999998
1981.0,Pennsylvania,213.49999999999997
1981.0,South Carolina,4454.199999999999
1981.0,South Dakota,6506.400000000013
1981.0,Tennessee,1581.5999999999997
1981.0,Texas,3217.7999999999984
1981.0,Utah,80097.60000000033
1981.0,Virginia,7129.600000000004
1981.0,Washington,20447.899999999987
1981.0,West Virginia,1312.3999999999999
1981.0,Wisconsin,79.60000000000002
1981.0,Wyoming,15937.900000000018
1982.0,Alabama,1379.6999999999998
1982.0,Alaska,107441.49999999999
1982.0,Arizona,13885.200000000088
1982.0,Arkansas,1174.6999999999998
1982.0,California,71928.59999999894
1982.0,Colorado,9069.60000000002
1982.0,District of Columbia,1.2
1982.0,Florida,65913.7
1982.0,Georgia,385.4000000000002
1982.0,Hawaii,16.1
1982.0,Idaho,94933.1
1982.0,Indiana,224.39999999999998
1982.0,Kentucky,1141.9
1982.0,Louisiana,0.4
1982.0,Maine,0.9999999999999999
1982.0,Maryland,6.199999999999999
1982.0,Massachusetts,10.299999999999999
1982.0,Michigan,2.3000000000000003
1982.0,Minnesota,890.1000000000006
1982.0,Mississippi,3288.3999999999987
1982.0,Missouri,137.1
1982.0,Montana,27011.900000000005
1982.0,Nebraska,257.0
1982.0,Nevada,17699.399999999998
1982.0,New Jersey,76.8
1982.0,New Mexico,2710.600000000001
1982.0,New York,144.49999999999986
1982.0,North Carolina,1380.8999999999987
1982.0,North Dakota,6553.699999999997
1982.0,Ohio,0.1
1982.0,Oklahoma,2222.5999999999995
1982.0,Oregon,55623.29999999997
1982.0,Pennsylvania,30.6
1982.0,South Carolina,1196.6999999999998
1982.0,South Dakota,2563.799999999997
1982.0,Tennessee,821.2000000000004
1982.0,Texas,1139.6999999999998
1982.0,Utah,77561.60000000021
1982.0,Vermont,5.1
1982.0,Virginia,1775.1999999999994
1982.0,Washington,5749.900000000012
1982.0,West Virginia,486.20000000000005
1982.0,Wisconsin,9.499999999999998
1982.0,Wyoming,2017.1999999999987
1983.0,Alabama,768.9000000000002
1983.0,Alaska,125697.10000000002
1983.0,Arizona,39826.499999999694
1983.0,Arkansas,839.1000000000005
1983.0,California,64055.500000000204
1983.0,Colorado,15238.900000000025
1983.0,Delaware,3.0
1983.0,District of Columbia,0.1
1983.0,Florida,21005.100000000002
1983.0,Georgia,702.6000000000004
1983.0,Hawaii,10805.2
1983.0,Idaho,279694.6
1983.0,Illinois,42.0
1983.0,Indiana,32.3
1983.0,Iowa,2.0
1983.0,Kentucky,1778.5999999999988
1983.0,Louisiana,0.4
1983.0,Maine,0.7
1983.0,Maryland,0.6
1983.0,Massachusetts,5.799999999999998
1983.0,Michigan,2.0
1983.0,Minnesota,2120.7999999999975
1983.0,Mississippi,4530.900000000003
1983.0,Missouri,120.0
1983.0,Montana,83210.89999999995
1983.0,Nebraska,6634.0
1983.0,Nevada,73007.0
1983.0,New Jersey,5.6000000000000005
1983.0,New Mexico,2178.3999999999987
1983.0,New York,291.20000000000084
1983.0,North Carolina,9654.50000000001
1983.0,North Dakota,5840.399999999994
1983.0,Oklahoma,2202.5999999999995
1983.0,Oregon,232752.30000000005
1983.0,Pennsylvania,72.30000000000001
1983.0,South Carolina,1105.6000000000004
1983.0,South Dakota,18179.899999999965
1983.0,Tennessee,692.9000000000005
1983.0,Texas,2586.599999999998
1983.0,Utah,319314.1999999996
1983.0,Virginia,352.4000000000003
1983.0,Washington,11613.600000000004
1983.0,West Virginia,162.7
1983.0,Wisconsin,19.499999999999993
1983.0,Wyoming,6480.0
1984.0,Alabama,997.5000000000001
1984.0,Alaska,198669.50000000006
1984.0,Arizona,32726.099999999227
1984.0,Arkansas,758.6
1984.0,California,175754.2999999986
1984.0,Colorado,12767.800000000036
1984.0,District of Columbia,1.0
1984.0,Florida,32832.4
1984.0,Georgia,689.6000000000004
1984.0,Hawaii,811.2
1984.0,Idaho,209242.1
1984.0,Illinois,3.3
1984.0,Indiana,406.79999999999995
1984.0,Iowa,7.0
1984.0,Kansas,199.5
1984.0,Kentucky,575.9
1984.0,Louisiana,240.0
1984.0,Maine,24.2
1984.0,Maryland,3.2
1984.0,Massachusetts,0.5
1984.0,Michigan,2.0
1984.0,Minnesota,3596.7999999999975
1984.0,Mississippi,3189.6999999999985
1984.0,Missouri,76.1
1984.0,Montana,221549.0000000001
1984.0,Nebraska,838.1
1984.0,Nevada,294160.59999999986
1984.0,New Hampshire,111.59999999999995
1984.0,New Jersey,5.300000000000001
1984.0,New Mexico,793.5000000000009
1984.0,New York,213.19999999999985
1984.0,North Carolina,1579.6999999999994
1984.0,North Dakota,5542.699999999996
1984.0,Ohio,0.1
1984.0,Oklahoma,5579.6
1984.0,Oregon,170295.90000000023
1984.0,Pennsylvania,370.9000000000001
1984.0,South Carolina,947.0000000000002
1984.0,South Dakota,12003.40000000001
1984.0,Tennessee,1059.8000000000004
1984.0,Texas,11220.200000000008
1984.0,Utah,31686.79999999997
1984.0,Virginia,1627.6999999999996
1984.0,Washington,227372.80000000022
1984.0,West Virginia,163.1
1984.0,Wisconsin,32.30000000000004
1984.0,Wyoming,842.2000000000004
1985.0,Alabama,3928.0999999999995
1985.0,Alaska,672305.0999999992
1985.0,Arizona,30298.299999999737
1985.0,Arkansas,903.1000000000001
1985.0,California,5434791.499999957
1985.0,Colorado,9530.900000000087
1985.0,Delaware,1061.6
1985.0,District of Columbia,11.399999999999999
1985.0,Florida,137964.10000000018
1985.0,Georgia,9136.500000000013
1985.0,Hawaii,301.3
1985.0,Idaho,306910.19999999955
1985.0,Illinois,25.0
1985.0,Indiana,161.70000000000002
1985.0,Kansas,1.0
1985.0,Kentucky,1479.8
1985.0,Louisiana,14211.100000000002
1985.0,Maine,1098.2999999999997
1985.0,Maryland,59.6
1985.0,Massachusetts,0.5
1985.0,Michigan,1.4000000000000001
1985.0,Minnesota,1923.2999999999997
1985.0,Mississippi,3167.3999999999987
1985.0,Missouri,127.19999999999999
1985.0,Montana,27753.499999999713
1985.0,Nebraska,13622.7
1985.0,Nevada,927872.199999999
1985.0,New Hampshire,1.2000000000000002
1985.0,New Jersey,120.09999999999997
1985.0,New Mexico,5517.000000000001
1985.0,New York,172.09999999999982
1985.0,North Carolina,13205.300000000012
1985.0,North Dakota,5492.099999999996
1985.0,Ohio,0.2
1985.0,Oklahoma,2414.9
1985.0,Oregon,387448.1999999996
1985.0,Pennsylvania,238.49999999999997
1985.0,Puerto Rico,55.0
1985.0,South Carolina,6573.300000000001
1985.0,South Dakota,112587.29999999992
1985.0,Tennessee,1477.4999999999995
1985.0,Texas,2763.9999999999973
1985.0,Utah,49527.79999999991
1985.0,Vermont,3.1
1985.0,Virginia,1972.8999999999999
1985.0,Washington,82268.50000000017
1985.0,West Virginia,266.5
1985.0,Wisconsin,520.4000000000004
1985.0,Wyoming,133763.20000000024
1986.0,Alabama,3247.5999999999985
1986.0,Alaska,699767.2999999991
1986.0,Arizona,56961.399999998444
1986.0,Arkansas,2897.399999999999
1986.0,California,59727.59999999845
1986.0,Colorado,31385.399999999772
1986.0,Delaware,501.0
1986.0,District of Columbia,0.6
1986.0,Florida,115776.6
1986.0,Georgia,3839.099999999996
1986.0,Hawaii,3275.1
1986.0,Idaho,524462.4000000015
1986.0,Illinois,573.0
1986.0,Indiana,1334.2999999999993
1986.0,Iowa,33.0
1986.0,Kansas,352.00000000000006
1986.0,Kentucky,2079.5
1986.0,Louisiana,20665.699999999993
1986.0,Maine,2.2
1986.0,Maryland,33.400000000000006
1986.0,Massachusetts,4.3999999999999995
1986.0,Michigan,292.70000000000016
1986.0,Minnesota,892.8000000000003
1986.0,Mississippi,7093.399999999999
1986.0,Missouri,7689.999999999999
1986.0,Montana,16359.100000000131
1986.0,Nebraska,5540.300000000005
1986.0,Nevada,137673.3000000005
1986.0,New Jersey,37.0
1986.0,New Mexico,7506.399999999999
1986.0,New York,519.2000000000003
1986.0,North Carolina,12017.900000000012
1986.0,North Dakota,2985.3999999999965
1986.0,Ohio,858.7000000000004
1986.0,Oklahoma,5698.000000000001
1986.0,Oregon,420419.40000000043
1986.0,Pennsylvania,54.40000000000001
1986.0,South Carolina,2058.2999999999984
1986.0,South Dakota,1448.6000000000008
1986.0,Tennessee,2475.399999999999
1986.0,Texas,20333.100000000013
1986.0,Utah,163841.20000000013
1986.0,Virginia,8206.0
1986.0,Washington,12799.100000000031
1986.0,West Virginia,129.2
1986.0,Wisconsin,204.89999999999992
1986.0,Wyoming,6421.000000000049
1987.0,Alabama,5723.499999999998
1987.0,Alaska,218248.2000000002
1987.0,Arizona,78335.59999999875
1987.0,Arkansas,4502.799999999999
1987.0,California,898517.1999999739
1987.0,Colorado,37241.49999999985
1987.0,Delaware,0.5
1987.0,District of Columbia,0.4
1987.0,Florida,39824.29999999998
1987.0,Georgia,2643.1999999999994
1987.0,Guam,1037.6
1987.0,Hawaii,15563.1
1987.0,Idaho,313736.8000000019
1987.0,Illinois,927.5
1987.0,Indiana,974.7000000000002
1987.0,Iowa,154.9
1987.0,Kansas,250.39999999999998
1987.0,Kentucky,33563.99999999998
1987.0,Louisiana,17117.699999999993
1987.0,Maine,0.0
1987.0,Maryland,13.2
1987.0,Massachusetts,29.700000000000003
1987.0,Michigan,4874.900000000004
1987.0,Minnesota,50504.3
1987.0,Mississippi,12750.900000000007
1987.0,Missouri,10163.600000000011
1987.0,Montana,5573.699999999986
1987.0,Nebraska,4687.5999999999985
1987.0,Nevada,92183.30000000006
1987.0,New Hampshire,0.2
1987.0,New Jersey,2.8
1987.0,New Mexico,45798.29999999977
1987.0,New York,94.59999999999997
1987.0,North Carolina,4225.599999999999
1987.0,North Dakota,6951.699999999993
1987.0,Ohio,1049.8999999999999
1987.0,Oklahoma,5177.099999999999
1987.0,Oregon,364879.4000000051
1987.0,Pennsylvania,45.6
1987.0,South Carolina,502.3
1987.0,South Dakota,26583.00000000003
1987.0,Tennessee,7823.2000000000035
1987.0,Texas,10669.30000000001
1987.0,Utah,68910.30000000008
1987.0,Virginia,2800.5999999999985
1987.0,Washington,56508.29999999996
1987.0,West Virginia,761.6000000000003
1987.0,Wisconsin,1341.2999999999954
1987.0,Wyoming,11049.900000000023
1988.0,Alabama,1108.1
1988.0,Alaska,4091886.5000000023
1988.0,Arizona,73845.8999999992
1988.0,Arkansas,3034.399999999999
1988.0,California,247699.79999999926
1988.0,Colorado,76548.80000000005
1988.0,Delaware,25.0
1988.0,District of Columbia,24.099999999999998
1988.0,Florida,59473.39999999998
1988.0,Georgia,1207.2
1988.0,Guam,56.0
1988.0,Hawaii,188.79999999999998
1988.0,Idaho,1527329.3000000126
1988.0,Illinois,427.8
1988.0,Indiana,937.9000000000002
1988.0,Iowa,210.5
1988.0,Kansas,9254.3
1988.0,Kentucky,5248.800000000002
1988.0,Louisiana,10171.400000000007
1988.0,Maine,5.0
1988.0,Maryland,198.5
1988.0,Massachusetts,23.400000000000002
1988.0,Michigan,1140.3
1988.0,Minnesota,24003.300000000014
1988.0,Mississippi,20902.299999999977
1988.0,Missouri,14560.100000000004
1988.0,Montana,1464748.6000000224
1988.0,Nebraska,13058.799999999992
1988.0,Nevada,115479.20000000029
1988.0,New Jersey,44.800000000000004
1988.0,New Mexico,51916.90000000003
1988.0,New York,57.80000000000001
1988.0,North Carolina,5435.9000000000015
1988.0,North Dakota,66712.49999999994
1988.0,Ohio,421.90000000000015
1988.0,Oklahoma,8072.900000000011
1988.0,Oregon,63743.59999999944
1988.0,Pennsylvania,44.70000000000001
1988.0,Puerto Rico,176.0
1988.0,Rhode Island,3.0
1988.0,South Carolina,2556.1999999999994
1988.0,South Dakota,75742.69999999978
1988.0,Tennessee,7296.300000000005
1988.0,Texas,13984.500000000016
1988.0,Utah,107291.10000000005
1988.0,Virginia,2267.999999999997
1988.0,Washington,139835.90000000055
1988.0,West Virginia,280.5
1988.0,Wisconsin,2685.19999999999
1988.0,Wyoming,978146.0999999982
1989.0,Alabama,491.2000000000001
1989.0,Alaska,63554.49999999997
1989.0,Arizona,98424.89999999852
1989.0,Arkansas,5333.799999999997
1989.0,California,155200.40000000683
1989.0,Colorado,28054.099999999675
1989.0,District of Columbia,4.1
1989.0,Florida,380546.3000000001
1989.0,Georgia,4793.100000000007
1989.0,Guam,151.5
1989.0,Hawaii,603.4000000000001
1989.0,Idaho,222998.50000000373
1989.0,Illinois,490.29999999999995
1989.0,Indiana,456.40000000000003
1989.0,Iowa,67.5
1989.0,Kansas,7034.200000000001
1989.0,Kentucky,2497.8999999999996
1989.0,Louisiana,15990.700000000004
1989.0,Maine,1.0
1989.0,Maryland,107.29999999999998
1989.0,Massachusetts,13.199999999999996
1989.0,Michigan,837.0000000000006
1989.0,Minnesota,61901.2
1989.0,Mississippi,3655.399999999999
1989.0,Missouri,12171.500000000002
1989.0,Montana,20819.000000000146
1989.0,Nebraska,118901.7000000001
1989.0,Nevada,40241.49999999994
1989.0,New Hampshire,3.4
1989.0,New Jersey,46.400000000000006
1989.0,New Mexico,165109.8
1989.0,New York,211.49999999999986
1989.0,North Carolina,3073.399999999998
1989.0,North Dakota,8559.599999999999
1989.0,Ohio,110.89999999999998
1989.0,Oklahoma,5365.900000000001
1989.0,Oregon,115632.20000000147
1989.0,Pennsylvania,10.399999999999997
1989.0,Puerto Rico,0.0
1989.0,South Carolina,3240.1000000000004
1989.0,South Dakota,14505.700000000037
1989.0,Tennessee,487.0
1989.0,Texas,26374.699999999986
1989.0,Utah,61073.29999999979
1989.0,Virginia,1547.6999999999994
1989.0,Washington,15937.00000000005
1989.0,West Virginia,102.10000000000001
1989.0,Wisconsin,567.6000000000012
1989.0,Wyoming,5283.800000000013
1990.0,Alabama,1380.8999999999994
1990.0,Alaska,4787681.8999999985
1990.0,Arizona,62711.29999999878
1990.0,Arkansas,2211.999999999999
1990.0,California,329776.2999999993
1990.0,Colorado,11230.200000000199
1990.0,Delaware,4.5
1990.0,District of Columbia,0.30000000000000004
1990.0,Florida,172526.4000000001
1990.0,Georgia,30680.79999999997
1990.0,Hawaii,156.70000000000002
1990.0,Idaho,140983.79999999976
1990.0,Illinois,340.8
1990.0,Indiana,318.4000000000001
1990.0,Iowa,1072.3
1990.0,Kansas,519.3999999999999
1990.0,Kentucky,2245.0999999999995
1990.0,Louisiana,4331.500000000002
1990.0,Maine,0.30000000000000004
1990.0,Maryland,73.39999999999998
1990.0,Massachusetts,2.0
1990.0,Michigan,109.89999999999999
1990.0,Minnesota,68528.7
1990.0,Mississippi,9524.2
1990.0,Missouri,4598.699999999999
1990.0,Montana,102705.00000000004
1990.0,Nebraska,9534.199999999997
1990.0,Nevada,28823.09999999985
1990.0,New Jersey,51.30000000000001
1990.0,New Mexico,150454.79999999952
1990.0,New York,156.09999999999988
1990.0,North Carolina,4300.4000000000015
1990.0,North Dakota,5121.399999999998
1990.0,Ohio,85.3
1990.0,Oklahoma,8152.800000000001
1990.0,Oregon,181385.50000000052
1990.0,Pennsylvania,720.4000000000002
1990.0,Puerto Rico,159.1
1990.0,South Carolina,650.6999999999999
1990.0,South Dakota,26867.59999999968
1990.0,Tennessee,574.0000000000007
1990.0,Texas,47251.29999999993
1990.0,Utah,29792.1
1990.0,Virginia,2172.9999999999986
1990.0,Washington,40958.49999999993
1990.0,West Virginia,78.8
1990.0,Wisconsin,116.49999999999987
1990.0,Wyoming,2639.8999999999955
1991.0,Alabama,1677.6999999999994
1991.0,Alaska,2674572.700000004
1991.0,Arizona,25245.299999999654
1991.0,Arkansas,1551.2999999999995
1991.0,California,29325.400000000347
1991.0,Colorado,2960.4499999999543
1991.0,Delaware,588.0
1991.0,District of Columbia,1.5000000000000002
1991.0,Florida,57635.19999999996
1991.0,Georgia,716.0
1991.0,Hawaii,3564.3
1991.0,Idaho,134355.69999999937
1991.0,Illinois,203.7
1991.0,Indiana,179.69999999999985
1991.0,Iowa,0.4
1991.0,Kansas,5107.000000000001
1991.0,Kentucky,11547.300000000001
1991.0,Louisiana,2957.699999999999
1991.0,Maine,45.0
1991.0,Maryland,1048.1999999999996
1991.0,Massachusetts,5.799999999999999
1991.0,Michigan,340.7000000000003
1991.0,Minnesota,4625.299999999997
1991.0,Mississippi,5686.500000000004
1991.0,Missouri,9243.400000000003
1991.0,Montana,87565.39999999986
1991.0,Nebraska,3625.999999999999
1991.0,Nevada,40040.099999999824
1991.0,New Hampshire,0.1
1991.0,New Jersey,16.300000000000004
1991.0,New Mexico,24018.100000000035
1991.0,New York,442.80000000000024
1991.0,North Carolina,4414.5999999999985
1991.0,North Dakota,4801.9000000000015
1991.0,Ohio,514.9000000000001
1991.0,Oklahoma,21992.699999999997
1991.0,Oregon,28749.499999999713
1991.0,Pennsylvania,70.29999999999998
1991.0,Puerto Rico,844.3
1991.0,Rhode Island,0.1
1991.0,South Carolina,2415.4999999999977
1991.0,South Dakota,43898.499999999716
1991.0,Tennessee,4004.699999999997
1991.0,Texas,10605.100000000008
1991.0,Utah,6833.4000000000115
1991.0,Vermont,8.0
1991.0,Virgin Islands,0.1
1991.0,Virginia,2111.7
1991.0,Washington,28386.799999999974
1991.0,West Virginia,14029.600000000006
1991.0,Wisconsin,906.5000000000007
1991.0,Wyoming,28538.199999999946
1992.0,Alabama,1055.8000000000004
1992.0,Alaska,206445.20000000022
1992.0,Arizona,25973.69999999986
1992.0,Arkansas,1494.8999999999999
1992.0,California,233913.30000000563
1992.0,Colorado,4120.949999999968
1992.0,Delaware,124.0
1992.0,District of Columbia,1.2000000000000002
1992.0,Florida,73851.30000000008
1992.0,Georgia,1743.199999999999
1992.0,Hawaii,10061.100000000006
1992.0,Idaho,819142.5999999895
1992.0,Illinois,235.4
1992.0,Indiana,236.29999999999978
1992.0,Iowa,86.3
1992.0,Kansas,232.0
1992.0,Kentucky,742.3
1992.0,Louisiana,24972.600000000002
1992.0,Maine,1.2000000000000002
1992.0,Maryland,1160.2999999999997
1992.0,Massachusetts,6.699999999999999
1992.0,Michigan,1084.9999999999998
1992.0,Minnesota,2980.7999999999893
1992.0,Mississippi,7074.000000000001
1992.0,Missouri,3758.499999999999
1992.0,Montana,41774.99999999999
1992.0,Nebraska,1407.0999999999997
1992.0,Nevada,89954.00000000089
1992.0,New Jersey,26.9
1992.0,New Mexico,70500.89999999964
1992.0,New York,310.4000000000001
1992.0,North Carolina,5730.500000000006
1992.0,North Dakota,6725.2000000000135
1992.0,Ohio,82.7
1992.0,Oklahoma,2863.7
1992.0,Oregon,80943.59999999827
1992.0,Pennsylvania,59.70000000000002
1992.0,Puerto Rico,127.0
1992.0,South Carolina,910.1000000000003
1992.0,South Dakota,27198.89999999994
1992.0,Tennessee,510.2
1992.0,Texas,24868.899999999954
1992.0,Utah,14683.100000000017
1992.0,Vermont,270.0
1992.0,Virginia,310.3000000000002
1992.0,Washington,79822.85000000021
1992.0,West Virginia,460.4000000000001
1992.0,Wisconsin,148.99999999999974
1992.0,Wyoming,7485.200000000013
1993.0,Alabama,2158.499999999999
1993.0,Alaska,1270847.0999999978
1993.0,Arizona,139435.1000000032
1993.0,Arkansas,1988.8999999999996
1993.0,California,231055.0
1993.0,Colorado,36910.19999999964
1993.0,Connecticut,6.0
1993.0,Delaware,1.0
1993.0,District of Columbia,11.799999999999999
1993.0,Florida,47325.700000000004
1993.0,Georgia,7623.600000000008
1993.0,Hawaii,952.8000000000002
1993.0,Idaho,7095.600000000009
1993.0,Illinois,4.800000000000001
1993.0,Indiana,443.3000000000005
1993.0,Iowa,89.3
1993.0,Kansas,209.29999999999998
1993.0,Kentucky,843.1000000000003
1993.0,Louisiana,7999.000000000002
1993.0,Maine,24.4
1993.0,Maryland,1672.8999999999999
1993.0,Massachusetts,2.1000000000000005
1993.0,Michigan,118.74999999999997
1993.0,Minnesota,948.6000000000009
1993.0,Mississippi,5290.400000000005
1993.0,Missouri,1423.4999999999998
1993.0,Montana,4753.899999999997
1993.0,Nebraska,173.19999999999996
1993.0,Nevada,54864.1999999999
1993.0,New Hampshire,1.2000000000000002
1993.0,New Jersey,16.5
1993.0,New Mexico,246456.80000000188
1993.0,New York,63.50000000000006
1993.0,North Carolina,1673.6000000000004
1993.0,North Dakota,3726.4999999999945
1993.0,Ohio,42.70000000000001
1993.0,Oklahoma,13173.800000000001
1993.0,Oregon,11587.200000000019
1993.0,Pennsylvania,41.00000000000002
1993.0,Puerto Rico,163.0
1993.0,South Carolina,1402.6999999999998
1993.0,South Dakota,8331.800000000027
1993.0,Tennessee,861.4000000000003
1993.0,Texas,27351.699999999997
1993.0,Utah,19100.099999999915
1993.0,Virginia,540.9000000000003
1993.0,Washington,21190.299999999814
1993.0,West Virginia,93.69999999999997
1993.0,Wisconsin,93.09999999999985
1993.0,Wyoming,4625.5000000000055
1994.0,Alabama,1467.2999999999997
1994.0,Alaska,381110.9999999994
1994.0,Arizona,163769.80000000828
1994.0,Arkansas,3285.5999999999967
1994.0,California,471944.09999999305
1994.0,Colorado,53264.099999999235
1994.0,Delaware,96.0
1994.0,District of Columbia,5.1000000000000005
1994.0,Florida,70345.90000000001
1994.0,Georgia,1500.4999999999995
1994.0,Hawaii,78.6
1994.0,Idaho,788036.999999979
1994.0,Illinois,384.2
1994.0,Indiana,577.9000000000009
1994.0,Iowa,107.8
1994.0,Kansas,6340.100000000001
1994.0,Kentucky,4660.599999999999
1994.0,Louisiana,2526.799999999999
1994.0,Maine,106.3
1994.0,Maryland,877.0000000000001
1994.0,Massachusetts,1.9000000000000001
1994.0,Michigan,1545.599999999999
1994.0,Minnesota,17168.699999999993
1994.0,Mississippi,8970.100000000002
1994.0,Missouri,3928.699999999999
1994.0,Montana,392292.7000000009
1994.0,Nebraska,2923.6
1994.0,Nevada,193303.00000000096
1994.0,New Hampshire,3.0
1994.0,New Jersey,9.299999999999999
1994.0,New Mexico,208672.90000000197
1994.0,New York,148.0
1994.0,North Carolina,27569.799999999974
1994.0,North Dakota,11026.300000000003
1994.0,Ohio,119.69999999999999
1994.0,Oklahoma,27335.199999999993
1994.0,Oregon,308159.90000000206
1994.0,Pennsylvania,65.39999999999999
1994.0,Puerto Rico,1000.0
1994.0,Rhode Island,25.0
1994.0,South Carolina,2686.2999999999965
1994.0,South Dakota,15886.700000000106
1994.0,Tennessee,3556.699999999999
1994.0,Texas,47123.39999999992
1994.0,Utah,146890.90000000043
1994.0,Vermont,22.3
1994.0,Virginia,1206.6000000000001
1994.0,Washington,438974.8999999996
1994.0,West Virginia,109.40000000000002
1994.0,Wisconsin,1331.4999999999911
1994.0,Wyoming,54971.69999999988
1995.0,Alabama,4997.600000000001
1995.0,Alaska,40003.59999999999
1995.0,Arizona,275382.400000006
1995.0,Arkansas,5689.200000000001
1995.0,California,166864.20000000103
1995.0,Colorado,14922.400000000118
1995.0,Delaware,2014.3999999999999
1995.0,District of Columbia,0.5
1995.0,Florida,50220.499999999985
1995.0,Georgia,463.90000000000003
1995.0,Hawaii,673.5000000000001
1995.0,Idaho,275108.70000000036
1995.0,Illinois,993.1999999999999
1995.0,Indiana,1246.6999999999998
1995.0,Iowa,58.300000000000004
1995.0,Kansas,337.9000000000001
1995.0,Kentucky,5899.600000000003
1995.0,Louisiana,7176.200000000002
1995.0,Maine,14.999999999999996
1995.0,Maryland,2074.3999999999996
1995.0,Massachusetts,10.9
1995.0,Michigan,2023.4999999999984
1995.0,Minnesota,24969.89999999997
1995.0,Mississippi,6002.2
1995.0,Missouri,13666.500000000004
1995.0,Montana,28487.89999999995
1995.0,Nebraska,17006.799999999996
1995.0,Nevada,120207.20000000045
1995.0,New Hampshire,61.5
1995.0,New Jersey,171.49999999999997
1995.0,New Mexico,113265.60000000204
1995.0,New York,443.00000000000017
1995.0,North Carolina,2657.5999999999985
1995.0,North Dakota,2067.5999999999995
1995.0,Ohio,282.29999999999995
1995.0,Oklahoma,19295.99999999994
1995.0,Oregon,66573.4
1995.0,Pennsylvania,51.00000000000001
1995.0,South Carolina,1023.3000000000004
1995.0,South Dakota,12123.70000000007
1995.0,Tennessee,2012.199999999999
1995.0,Texas,29312.79999999995
1995.0,Utah,178239.60000000036
1995.0,Vermont,1.2
1995.0,Virginia,6989.300000000005
1995.0,Washington,7357.7000000000035
1995.0,West Virginia,178.1
1995.0,Wisconsin,176.99999999999977
1995.0,Wyoming,6411.200000000007
1996.0,Alabama,4275.200000000001
1996.0,Alaska,909820.3999999998
1996.0,Arizona,201693.60000001002
1996.0,Arkansas,5429.8
1996.0,California,955890.7999999765
1996.0,Colorado,99250.30000000121
1996.0,District of Columbia,0.0
1996.0,Florida,58447.59999999996
1996.0,Georgia,697.6000000000001
1996.0,Hawaii,310.30000000000007
1996.0,Idaho,931693.1000000025
1996.0,Illinois,149.8
1996.0,Indiana,624.8000000000011
1996.0,Iowa,1028.4
1996.0,Kansas,8185.4000000000015
1996.0,Kentucky,1162.8000000000002
1996.0,Louisiana,7302.200000000003
1996.0,Maine,0.7
1996.0,Maryland,312.1
1996.0,Massachusetts,4.4
1996.0,Michigan,848.2000000000002
1996.0,Minnesota,14610.300000000023
1996.0,Mississippi,10782.600000000008
1996.0,Missouri,8818.700000000004
1996.0,Montana,129903.99999999988
1996.0,Nebraska,3460.1999999999994
1996.0,Nevada,694904.2999999936
1996.0,New Hampshire,1.1
1996.0,New Jersey,22.3
1996.0,New Mexico,155651.3000000009
1996.0,New York,286.29999999999995
1996.0,North Carolina,1788.1999999999996
1996.0,North Dakota,4482.100000000009
1996.0,Ohio,70.3
1996.0,Oklahoma,53240.19999999995
1996.0,Oregon,609573.6499999958
1996.0,Pennsylvania,18.7
1996.0,Puerto Rico,502.0
1996.0,South Carolina,1604.299999999999
1996.0,South Dakota,18698.800000000123
1996.0,Tennessee,463.2000000000002
1996.0,Texas,59069.19999999994
1996.0,Utah,507736.39999999857
1996.0,Virginia,488.1000000000002
1996.0,Washington,145087.30000000016
1996.0,West Virginia,55.20000000000001
1996.0,Wisconsin,412.9999999999999
1996.0,Wyoming,258373.10000000044
1997.0,Alabama,1495.8
1997.0,Alaska,2663115.2000000025
1997.0,Arizona,28927.500000000102
1997.0,Arkansas,3518.599999999999
1997.0,California,361792.8000000026
1997.0,Colorado,7680.200000000055
1997.0,Delaware,24.6
1997.0,District of Columbia,0.30000000000000004
1997.0,Florida,46184.59999999996
1997.0,Georgia,541.4000000000001
1997.0,Hawaii,52.300000000000004
1997.0,Idaho,50865.09999999995
1997.0,Illinois,13.7
1997.0,Indiana,978.7000000000004
1997.0,Iowa,113.6
1997.0,Kansas,410.40000000000003
1997.0,Kentucky,703.8
1997.0,Louisiana,11998.299999999997
1997.0,Maine,10.499999999999995
1997.0,Maryland,179.09999999999994
1997.0,Massachusetts,7.999999999999998
1997.0,Michigan,501.0000000000004
1997.0,Minnesota,4587.999999999996
1997.0,Mississippi,3906.899999999999
1997.0,Missouri,5419.700000000001
1997.0,Montana,12545.599999999997
1997.0,Nebraska,1326.1
1997.0,Nevada,49198.09999999985
1997.0,New Hampshire,0.30000000000000004
1997.0,New Jersey,2.3
1997.0,New Mexico,60492.89999999948
1997.0,New York,173.39999999999992
1997.0,North Carolina,1596.9
1997.0,North Dakota,7743.300000000009
1997.0,Ohio,41.50000000000001
1997.0,Oklahoma,15122.600000000008
1997.0,Oregon,58049.59999999961
1997.0,Pennsylvania,107.69999999999999
1997.0,Puerto Rico,82.8
1997.0,South Carolina,4149.100000000001
1997.0,South Dakota,4695.499999999982
1997.0,Tennessee,1315.7
1997.0,Texas,22928.49999999993
1997.0,Utah,30206.79999999991
1997.0,Vermont,3.0
1997.0,Virginia,1226.0
1997.0,Washington,28584.499999999967
1997.0,West Virginia,183.79999999999993
1997.0,Wisconsin,520.5000000000007
1997.0,Wyoming,26198.49999999999
1998.0,Alabama,4661.100000000003
1998.0,Alaska,81163.70000000006
1998.0,Arizona,118480.29999999989
1998.0,Arkansas,2281.199999999999
1998.0,California,120147.40000000145
1998.0,Colorado,25187.699999999808
1998.0,District of Columbia,6.1999999999999975
1998.0,Florida,118473.40000000017
1998.0,Georgia,6623.500000000005
1998.0,Hawaii,163.0
1998.0,Idaho,195071.09999999986
1998.0,Illinois,165.29999999999998
1998.0,Indiana,633.9000000000005
1998.0,Iowa,100.0
1998.0,Kansas,11357.1
1998.0,Kentucky,2628.199999999999
1998.0,Louisiana,11506.199999999999
1998.0,Maine,36.10000000000001
1998.0,Maryland,555.3000000000002
1998.0,Massachusetts,5.2
1998.0,Michigan,2664.2999999999993
1998.0,Minnesota,12914.900000000009
1998.0,Mississippi,3197.7000000000003
1998.0,Missouri,5465.799999999999
1998.0,Montana,107376.39999999944
1998.0,Nebraska,14867.100000000002
1998.0,Nevada,110337.00000000083
1998.0,New Hampshire,3.7
1998.0,New Jersey,17.500000000000004
1998.0,New Mexico,69698.59999999995
1998.0,New York,183.7
1998.0,North Carolina,1724.6999999999998
1998.0,North Dakota,6280.000000000015
1998.0,Ohio,203.2
1998.0,Oklahoma,17547.000000000007
1998.0,Oregon,144865.39999999956
1998.0,Pennsylvania,86.1
1998.0,Puerto Rico,1.0
1998.0,South Carolina,1230.1999999999987
1998.0,South Dakota,8744.500000000065
1998.0,Tennessee,1527.0000000000002
1998.0,Texas,44023.7
1998.0,Utah,101477.0000000002
1998.0,Vermont,14.0
1998.0,Virginia,3811.2999999999997
1998.0,Washington,121055.1
1998.0,West Virginia,123.5
1998.0,Wisconsin,324.6999999999996
1998.0,Wyoming,33029.499999999985
1999.0,Alabama,1806.399999999999
1999.0,Alaska,1657808.6000000003
1999.0,Arizona,190100.20000000202
1999.0,Arkansas,7817.700000000002
1999.0,California,1166021.4999999674
1999.0,Colorado,45026.199999999764
1999.0,Delaware,559.0
1999.0,District of Columbia,3.1
1999.0,Florida,446982.199999999
1999.0,Georgia,49026.099999999984
1999.0,Hawaii,98.39999999999999
1999.0,Idaho,545675.9999999979
1999.0,Illinois,652.6000000000001
1999.0,Indiana,785.3000000000011
1999.0,Iowa,425.5
1999.0,Kansas,14710.300000000001
1999.0,Kentucky,11577.800000000008
1999.0,Louisiana,13999.0
1999.0,Maine,33.3
1999.0,Maryland,1619.399999999999
1999.0,Massachusetts,10.5
1999.0,Michigan,2708.799999999999
1999.0,Minnesota,22667.500000000015
1999.0,Mississippi,9619.300000000014
1999.0,Missouri,8707.900000000003
1999.0,Montana,97168.1000000003
1999.0,Nebraska,78425.60000000003
1999.0,Nevada,1917097.2000000242
1999.0,New Hampshire,16.200000000000003
1999.0,New Jersey,637.8
1999.0,New Mexico,97859.10000000034
1999.0,New York,347.39999999999986
1999.0,North Carolina,11636.500000000004
1999.0,North Dakota,74969.29999999996
1999.0,Ohio,705.1000000000001
1999.0,Oklahoma,9683.500000000007
1999.0,Oregon,358446.09999999905
1999.0,Pennsylvania,461.8000000000002
1999.0,South Carolina,4269.799999999996
1999.0,South Dakota,30370.69999999991
1999.0,Tennessee,5059.1
1999.0,Texas,59195.19999999995
1999.0,Utah,169645.3000000004
1999.0,Vermont,10.5
1999.0,Virginia,11295.400000000007
1999.0,Washington,27326.77000000004
1999.0,West Virginia,2367.8
1999.0,Wisconsin,863.5000000000011
1999.0,Wyoming,105085.90000000026
2000.0,Alabama,2557.3999999999996
2000.0,Alaska,1103463.6999999997
2000.0,Arizona,121800.20000000336
2000.0,Arkansas,7851.299999999999
2000.0,California,353961.79999999277
2000.0,Colorado,153838.3000000019
2000.0,Connecticut,0.0
2000.0,Delaware,20.0
2000.0,District of Columbia,1.2
2000.0,Florida,119114.19999999995
2000.0,Georgia,12301.700000000015
2000.0,Hawaii,2613.3999999999996
2000.0,Idaho,1906133.4999999986
2000.0,Illinois,2307.2
2000.0,Indiana,908.8000000000004
2000.0,Iowa,90.7
2000.0,Kansas,13017.8
2000.0,Kentucky,14526.400000000005
2000.0,Louisiana,16163.7
2000.0,Maine,55.4
2000.0,Maryland,274.9000000000001
2000.0,Massachusetts,28.000000000000004
2000.0,Michigan,5602.2000000000035
2000.0,Minnesota,34394.100000000035
2000.0,Mississippi,15502.800000000003
2000.0,Missouri,10908.300000000003
2000.0,Montana,999264.4999999865
2000.0,Nebraska,104592.39999999998
2000.0,Nevada,784708.9999999941
2000.0,New Hampshire,0.5
2000.0,New Jersey,100.0
2000.0,New Mexico,306324.5000000021
2000.0,New York,94.80000000000001
2000.0,North Carolina,16683.59999999999
2000.0,North Dakota,1418356.1000000036
2000.0,Ohio,370.40000000000003
2000.0,Oklahoma,45544.49999999998
2000.0,Oregon,427792.19999999827
2000.0,Pennsylvania,56.699999999999996
2000.0,South Carolina,3587.699999999997
2000.0,South Dakota,272868.90000000276
2000.0,Tennessee,9757.800000000007
2000.0,Texas,60891.799999999945
2000.0,Utah,228247.30000000002
2000.0,Vermont,0.0
2000.0,Virginia,24973.299999999992
2000.0,Washington,264801.30000000104
2000.0,West Virginia,306.9000000000001
2000.0,Wisconsin,352.3000000000001
2000.0,Wyoming,403264.79999999894
2001.0,Alabama,2837.799999999999
2001.0,Alaska,227172.50000000015
2001.0,Arizona,89154.09999999999
2001.0,Arkansas,3450.9
2001.0,California,384576.7499999983
2001.0,Colorado,67715.24999999991
2001.0,Delaware,250.5
2001.0,District of Columbia,2.2
2001.0,Florida,179643.29999999993
2001.0,Georgia,13201.200000000006
2001.0,Hawaii,0.6
2001.0,Idaho,224516.30000000002
2001.0,Illinois,514.5000000000001
2001.0,Indiana,1498.6999999999996
2001.0,Iowa,481.1
2001.0,Kansas,12619.600000000002
2001.0,Kentucky,15878.200000000003
2001.0,Louisiana,19405.199999999993
2001.0,Maine,161.59999999999994
2001.0,Maryland,5885.700000000001
2001.0,Massachusetts,47.5
2001.0,Michigan,370.0000000000001
2001.0,Minnesota,24946.49999999997
2001.0,Mississippi,7555.000000000003
2001.0,Missouri,6483.200000000015
2001.0,Montana,243668.90000000186
2001.0,Nebraska,2680.6
2001.0,Nevada,660600.399999991
2001.0,New Hampshire,4.700000000000001
2001.0,New Jersey,5.199999999999998
2001.0,New Mexico,83953.19999999966
2001.0,New York,163.49999999999991
2001.0,North Carolina,16855.299999999996
2001.0,North Dakota,7734.700000000003
2001.0,Ohio,911.5000000000002
2001.0,Oklahoma,17245.799999999996
2001.0,Oregon,484657.90999999235
2001.0,Pennsylvania,89.19999999999996
2001.0,South Carolina,1504.3
2001.0,South Dakota,29318.599999999864
2001.0,Tennessee,7867.0
2001.0,Texas,21642.199999999986
2001.0,Utah,84720.49999999987
2001.0,Virginia,3155.999999999998
2001.0,Washington,219702.30000000077
2001.0,West Virginia,760.5
2001.0,Wisconsin,105.7
2001.0,Wyoming,102237.40000000046
2002.0,Alabama,3933.2
2002.0,Alaska,3298001.000000002
2002.0,Arizona,2643466.0000001322
2002.0,Arkansas,67446.70000000001
2002.0,California,575529.2999999622
2002.0,Colorado,488484.14999998535
2002.0,Connecticut,0.3
2002.0,Delaware,1610.0
2002.0,District of Columbia,1.5
2002.0,Florida,101161.2
2002.0,Georgia,143694.70000000013
2002.0,Hawaii,3906.6
2002.0,Idaho,188632.80000000025
2002.0,Illinois,121.09999999999998
2002.0,Indiana,744.0000000000005
2002.0,Iowa,282.9
2002.0,Kansas,9079.3
2002.0,Kentucky,1991.3999999999992
2002.0,Louisiana,16571.399999999998
2002.0,Maine,14.999999999999996
2002.0,Maryland,749.6
2002.0,Massachusetts,8.9
2002.0,Michigan,187.39999999999992
2002.0,Minnesota,44787.79999999974
2002.0,Mississippi,4598.300000000001
2002.0,Missouri,5085.5999999999985
2002.0,Montana,150807.50000000017
2002.0,Nebraska,9993.200000000008
2002.0,Nevada,235618.10000000228
2002.0,New Hampshire,5.7
2002.0,New Jersey,0.1
2002.0,New Mexico,316543.3200000012
2002.0,New York,193.59999999999994
2002.0,North Carolina,5894.000000000006
2002.0,North Dakota,54867.39999999986
2002.0,Ohio,83.50000000000003
2002.0,Oklahoma,27954.899999999983
2002.0,Oregon,1539435.1300000274
2002.0,Pennsylvania,259.60000000000014
2002.0,Puerto Rico,160.0
2002.0,South Carolina,5589.700000000002
2002.0,South Dakota,93305.29999999926
2002.0,Tennessee,3060.2999999999997
2002.0,Texas,34591.399999999965
2002.0,Utah,493160.7999999957
2002.0,Vermont,3.2
2002.0,Virginia,12475.90000000001
2002.0,Washington,93964.9600000008
2002.0,West Virginia,244.99999999999997
2002.0,Wisconsin,880.5000000000007
2002.0,Wyoming,333945.99999999866
2003.0,Alabama,476.66999999999996
2003.0,Alaska,952342.0099999991
2003.0,Arizona,388501.8999999995
2003.0,Arkansas,16690.269999999997
2003.0,California,1577000.3300000431
2003.0,Colorado,56671.6999999995
2003.0,Florida,69740.24999999996
2003.0,Georgia,450.90000000000003
2003.0,Hawaii,7229.0
2003.0,Idaho,365016.7700000004
2003.0,Illinois,3015.75
2003.0,Indiana,1436.4999999999993
2003.0,Iowa,947.8
2003.0,Kansas,10235.5
2003.0,Kentucky,643.6
2003.0,Louisiana,17465.09999999999
2003.0,Maine,124.7
2003.0,Maryland,908.1
2003.0,Massachusetts,48.9
2003.0,Michigan,2595.1099999999988
2003.0,Minnesota,80949.71000000033
2003.0,Mississippi,3000.2499999999995
2003.0,Missouri,4758.220000000001
2003.0,Montana,928851.8899999878
2003.0,Nebraska,2650.4999999999995
2003.0,Nevada,19107.6499999998
2003.0,New Hampshire,0.1
2003.0,New Jersey,3.5
2003.0,New Mexico,328909.6800000027
2003.0,New York,91.19999999999999
2003.0,North Carolina,2520.299999999999
2003.0,North Dakota,19640.999999999956
2003.0,Ohio,22.8
2003.0,Oklahoma,33217.69999999999
2003.0,Oregon,182573.4300000034
2003.0,Pennsylvania,98.1
2003.0,Puerto Rico,483.3
2003.0,South Carolina,2652.65
2003.0,South Dakota,47523.699999999706
2003.0,Tennessee,2400.2999999999997
2003.0,Texas,27722.64999999998
2003.0,Utah,133613.2000000014
2003.0,Virginia,226.39999999999998
2003.0,Washington,208758.21000000052
2003.0,West Virginia,50.650000000000006
2003.0,Wisconsin,1066.1300000000026
2003.0,Wyoming,113251.90000000106
2004.0,Alabama,1229.749999999999
2004.0,Alaska,10214468.450000001
2004.0,Arizona,243675.2100000078
2004.0,Arkansas,23148.039999999983
2004.0,California,242530.55000000654
2004.0,Colorado,25494.32999999978
2004.0,Delaware,795.0
2004.0,Florida,138034.32000000027
2004.0,Georgia,1162.6099999999992
2004.0,Hawaii,656.1
2004.0,Idaho,17850.53000000007
2004.0,Illinois,471.2100000000001
2004.0,Indiana,775.9000000000003
2004.0,Iowa,1133.3000000000002
2004.0,Kansas,13392.300000000001
2004.0,Kentucky,3572.35
2004.0,Louisiana,15081.600000000002
2004.0,Maine,5.8
2004.0,Maryland,6333.500000000001
2004.0,Massachusetts,35.2
2004.0,Michigan,698.0300000000004
2004.0,Minnesota,34228.40000000009
2004.0,Mississippi,2852.319999999999
2004.0,Missouri,7749.290000000001
2004.0,Montana,33595.409999999974
2004.0,Nebraska,2761.2999999999997
2004.0,Nevada,42869.89999999944
2004.0,New Hampshire,139.1
2004.0,New Jersey,22.900000000000002
2004.0,New Mexico,105418.78000000255
2004.0,New York,65.69999999999996
2004.0,North Carolina,2607.3999999999996
2004.0,North Dakota,16441.690000000028
2004.0,Ohio,21.4
2004.0,Oklahoma,27458.849999999984
2004.0,Oregon,53201.68999999928
2004.0,Pennsylvania,6.199999999999999
2004.0,Puerto Rico,62.1
2004.0,South Carolina,5814.499999999999
2004.0,South Dakota,10028.78999999999
2004.0,Tennessee,845.0500000000001
2004.0,Texas,28184.40000000001
2004.0,Utah,166741.15000000328
2004.0,Vermont,1.0
2004.0,Virginia,597.0000000000002
2004.0,Washington,95002.54000000049
2004.0,West Virginia,6.3
2004.0,Wisconsin,474.2499999999999
2004.0,Wyoming,5185.870000000012
2005.0,Alabama,2536.41
2005.0,Alaska,9118152.749999989
2005.0,Arizona,984367.6899999758
2005.0,Arkansas,78004.29000000001
2005.0,California,775757.6700000012
2005.0,Colorado,53284.4699999993
2005.0,Delaware,160.0
2005.0,District of Columbia,0.2
2005.0,Florida,50728.77000000001
2005.0,Georgia,340.1700000000001
2005.0,Hawaii,12022.4
2005.0,Idaho,686076.5299999992
2005.0,Illinois,467.8500000000001
2005.0,Indiana,1274.0000000000002
2005.0,Iowa,340.2
2005.0,Kansas,16404.6
2005.0,Kentucky,5656.650000000001
2005.0,Louisiana,28175.7
2005.0,Maine,3.1000000000000005
2005.0,Maryland,3379.9
2005.0,Massachusetts,277.7
2005.0,Michigan,683.4200000000002
2005.0,Minnesota,9950.410000000013
2005.0,Mississippi,14625.130000000001
2005.0,Missouri,13674.560000000001
2005.0,Montana,124482.96000000152
2005.0,Nebraska,6320.699999999999
2005.0,Nevada,1249765.0500000003
2005.0,New Hampshire,0.5
2005.0,New Jersey,41.8
2005.0,New Mexico,237239.1200000031
2005.0,New York,52.19999999999999
2005.0,North Carolina,1522.8499999999995
2005.0,North Dakota,16360.400000000023
2005.0,Ohio,498.9
2005.0,Oklahoma,212557.3500000003
2005.0,Oregon,191935.27000000194
2005.0,Pennsylvania,15.299999999999999
2005.0,Puerto Rico,2425.499999999999
2005.0,South Carolina,1410.9699999999998
2005.0,South Dakota,20549.150000000227
2005.0,Tennessee,6527.400000000002
2005.0,Texas,85522.24999999997
2005.0,Utah,414356.15999999247
2005.0,Vermont,1.0
2005.0,Virginia,749.25
2005.0,Washington,97910.58000000073
2005.0,West Virginia,55.7
2005.0,Wisconsin,1617.3999999999999
2005.0,Wyoming,44570.6
2006.0,Alabama,8777.019999999999
2006.0,Alaska,178707.70000000024
2006.0,Arizona,308152.42000000225
2006.0,Arkansas,32911.009999999966
2006.0,California,1380335.8199999852
2006.0,Colorado,312689.5499999984
2006.0,District of Columbia,10.5
2006.0,Florida,93093.95999999998
2006.0,Georgia,1615.1599999999996
2006.0,Hawaii,105.1
2006.0,Idaho,947591.3999999942
2006.0,Illinois,245.9499999999999
2006.0,Indiana,1309.7500000000002
2006.0,Iowa,924.3000000000001
2006.0,Kansas,23687.5
2006.0,Kentucky,90604.42000000003
2006.0,Louisiana,6664.6
2006.0,Maine,786.5
2006.0,Maryland,4216.300000000002
2006.0,Massachusetts,11.5
2006.0,Michigan,6361.180000000003
2006.0,Minnesota,63854.05000000006
2006.0,Mississippi,13451.040000000006
2006.0,Missouri,10186.979999999998
2006.0,Montana,1079168.30999998
2006.0,Nebraska,39329.469999999994
2006.0,Nevada,1365021.8300000238
2006.0,New Hampshire,0.01
2006.0,New Jersey,50.800000000000004
2006.0,New Mexico,368640.4400000019
2006.0,New York,30267.600000000002
2006.0,North Carolina,2045.3499999999988
2006.0,North Dakota,24809.39999999993
2006.0,Ohio,501.2
2006.0,Oklahoma,241590.40000000037
2006.0,Oregon,518179.3299999971
2006.0,Pennsylvania,89073.41
2006.0,Puerto Rico,513.0
2006.0,South Carolina,3660.8100000000004
2006.0,South Dakota,104447.55000000057
2006.0,Tennessee,5096.400000000001
2006.0,Texas,539011.4999999991
2006.0,Utah,893267.9399999875
2006.0,Vermont,5.95
2006.0,Virginia,13303.560000000003
2006.0,Washington,277613.0300000001
2006.0,West Virginia,108.09999999999997
2006.0,Wisconsin,2049.549999999994
2006.0,Wyoming,264881.1100000007
2007.0,Alabama,7699.55
2007.0,Alaska,822358.9999999993
2007.0,Arizona,210008.63000000102
2007.0,Arkansas,26030.469999999994
2007.0,California,1242615.7100000768
2007.0,Colorado,101035.60000000014
2007.0,Connecticut,0.1
2007.0,Delaware,0.2
2007.0,District of Columbia,0.2
2007.0,Florida,388190.3499999999
2007.0,Georgia,578533.5699999995
2007.0,Hawaii,40.300000000000004
2007.0,Idaho,2543929.640000022
2007.0,Illinois,199.56999999999996
2007.0,Indiana,727.7100000000003
2007.0,Iowa,322.79999999999995
2007.0,Kansas,4527.3099999999995
2007.0,Kentucky,18727.920000000006
2007.0,Louisiana,766.3000000000001
2007.0,Maine,11.5
2007.0,Maryland,5528.200000000002
2007.0,Massachusetts,195.2
2007.0,Michigan,2006.0100000000002
2007.0,Minnesota,108460.85000000065
2007.0,Mississippi,27002.50999999999
2007.0,Missouri,10150.050000000001
2007.0,Montana,712607.7999999914
2007.0,Nebraska,6141.049999999999
2007.0,Nevada,1061792.1999999948
2007.0,New Hampshire,1.05
2007.0,New Jersey,17067.899999999998
2007.0,New Mexico,198962.3799999997
2007.0,New York,70.99999999999999
2007.0,North Carolina,21509.550000000014
2007.0,North Dakota,17581.770000000037
2007.0,Ohio,120.0
2007.0,Oklahoma,45060.499999999985
2007.0,Oregon,549378.5299999889
2007.0,Pennsylvania,61.68000000000001
2007.0,Puerto Rico,1650.5
2007.0,South Carolina,6428.88
2007.0,South Dakota,35337.659999999705
2007.0,Tennessee,19795.46
2007.0,Texas,22039.000000000007
2007.0,Utah,1050933.7899999921
2007.0,Vermont,10.15
2007.0,Virginia,6669.490000000003
2007.0,Washington,255157.50000000114
2007.0,West Virginia,24.440000000000005
2007.0,Wisconsin,3264.6999999999957
2007.0,Wyoming,102709.60000000011
2008.0,Alabama,3025.39
2008.0,Alaska,195488.80000000028
2008.0,Arizona,121684.0200000046
2008.0,Arkansas,6740.430000000002
2008.0,California,1443088.2300000307
2008.0,Colorado,217415.67999999985
2008.0,District of Columbia,0.1
2008.0,Florida,193063.74999999997
2008.0,Georgia,7363.37
2008.0,Hawaii,565324.7
2008.0,Idaho,186957.18000000124
2008.0,Illinois,90.39999999999996
2008.0,Indiana,635.8000000000001
2008.0,Iowa,259.5
2008.0,Kansas,11227.9
2008.0,Kentucky,61069.65
2008.0,Louisiana,8928.900000000001
2008.0,Maine,0.4
2008.0,Maryland,1991.7
2008.0,Massachusetts,49.7
2008.0,Michigan,282.85000000000025
2008.0,Minnesota,33025.72
2008.0,Mississippi,27381.149999999983
2008.0,Missouri,4224.860000000001
2008.0,Montana,165489.8299999997
2008.0,Nebraska,1669.1399999999996
2008.0,Nevada,140268.83000000106
2008.0,New Hampshire,54.0
2008.0,New Jersey,5.199999999999999
2008.0,New Mexico,347000.53000000044
2008.0,New York,288.6999999999999
2008.0,North Carolina,62858.199999999946
2008.0,North Dakota,18266.85000000004
2008.0,Ohio,141.0
2008.0,Oklahoma,109174.37999999996
2008.0,Oregon,255433.5200000058
2008.0,Pennsylvania,122.13999999999999
2008.0,Puerto Rico,618.1
2008.0,South Carolina,7503.58
2008.0,South Dakota,3452.7199999999716
2008.0,Tennessee,9678.850000000004
2008.0,Texas,138074.50000000023
2008.0,Utah,66818.00999999978
2008.0,Vermont,13.1
2008.0,Virginia,53852.34999999999
2008.0,Washington,98317.44000000022
2008.0,West Virginia,251.99999999999991
2008.0,Wisconsin,910.4000000000003
2008.0,Wyoming,98488.51000000055
2009.0,Alabama,2620.0800000000004
2009.0,Alaska,5029813.210000002
2009.0,Arizona,268139.63000000315
2009.0,Arkansas,12483.94
2009.0,California,667723.7499999813
2009.0,Colorado,48391.05999999949
2009.0,District of Columbia,0.5
2009.0,Florida,305154.68999999994
2009.0,Georgia,566.9800000000001
2009.0,Hawaii,156.1
2009.0,Idaho,23686.71000000002
2009.0,Illinois,526.3800000000001
2009.0,Indiana,1012.6500000000002
2009.0,Iowa,563.6
2009.0,Kansas,12465.2
2009.0,Kentucky,121881.31
2009.0,Louisiana,20424.5
2009.0,Maine,0.2
2009.0,Maryland,3163.1999999999994
2009.0,Massachusetts,5263.799999999999
2009.0,Michigan,995.18
2009.0,Minnesota,73103.18000000002
2009.0,Mississippi,52037.749999999985
2009.0,Missouri,119869.48000000001
2009.0,Montana,61145.47999999922
2009.0,Nebraska,5197.5
2009.0,Nevada,20519.079999999558
2009.0,New Hampshire,5.6
2009.0,New Jersey,51.1
2009.0,New Mexico,347389.5300000011
2009.0,New York,143.79999999999998
2009.0,North Carolina,12493.950000000008
2009.0,North Dakota,5097.610000000004
2009.0,Ohio,581.0
2009.0,Oklahoma,115580.7500000001
2009.0,Oregon,102252.75000000217
2009.0,Pennsylvania,194.65
2009.0,Puerto Rico,69.0
2009.0,South Carolina,3430.769999999999
2009.0,South Dakota,5594.259999999977
2009.0,Tennessee,12859.95
2009.0,Texas,78025.7100000001
2009.0,Utah,203992.9400000015
2009.0,Vermont,0.5
2009.0,Virginia,5282.740000000001
2009.0,Washington,142281.61000000086
2009.0,West Virginia,238.8
2009.0,Wisconsin,2792.1999999999944
2009.0,Wyoming,22702.61000000003
2010.0,Alabama,2978.8999999999996
2010.0,Alaska,1995705.00000001
2010.0,Arizona,108367.85000000203
2010.0,Arkansas,8891.37
2010.0,California,107918.7699999999
2010.0,Colorado,91827.0499999996
2010.0,District of Columbia,0.1
2010.0,Florida,86335.75000000004
2010.0,Georgia,850.8999999999999
2010.0,Hawaii,4634.0
2010.0,Idaho,961006.1599999996
2010.0,Illinois,764.87
2010.0,Indiana,2456.449999999998
2010.0,Iowa,440.1
2010.0,Kansas,13023.810000000001
2010.0,Kentucky,61674.75000000001
2010.0,Louisiana,20053.299999999992
2010.0,Maine,9.799999999999999
2010.0,Maryland,2496.7999999999997
2010.0,Massachusetts,112.60000000000001
2010.0,Michigan,9260.810000000009
2010.0,Minnesota,74556.03000000001
2010.0,Mississippi,32704.319999999985
2010.0,Missouri,22647.399999999998
2010.0,Montana,74249.65999999963
2010.0,Nebraska,3729.2
2010.0,Nevada,24786.850000000002
2010.0,New Hampshire,0.6
2010.0,New Jersey,328.0
2010.0,New Mexico,124452.77000000066
2010.0,New York,1037.2000000000007
2010.0,North Carolina,4112.45
2010.0,North Dakota,15778.899999999994
2010.0,Ohio,435.0
2010.0,Oklahoma,72733.15000000001
2010.0,Oregon,110825.96000000091
2010.0,Pennsylvania,583.0
2010.0,Puerto Rico,406.0
2010.0,South Carolina,10129.67
2010.0,South Dakota,14398.839999999984
2010.0,Tennessee,2731.0299999999993
2010.0,Texas,38866.74999999996
2010.0,Utah,180717.05000000063
2010.0,Vermont,0.35
2010.0,Virginia,19615.489999999987
2010.0,Washington,82627.42999999996
2010.0,West Virginia,458.55000000000007
2010.0,Wisconsin,1459.3499999999985
2010.0,Wyoming,71659.82999999984
2011.0,Alabama,5171.610000000001
2011.0,Alaska,271950.8499999994
2011.0,Arizona,1274470.859999984
2011.0,Arkansas,300618.3999999999
2011.0,California,167827.52000000046
2011.0,Colorado,733659.4699999987
2011.0,Connecticut,79.0
2011.0,District of Columbia,0.2
2011.0,Florida,338382.9899999997
2011.0,Georgia,365263.6499999999
2011.0,Hawaii,202366.2
2011.0,Idaho,402974.2500000005
2011.0,Illinois,52.9
2011.0,Indiana,1108.4
2011.0,Iowa,1583.8000000000002
2011.0,Kansas,46838.80999999999
2011.0,Kentucky,105231.73000000001
2011.0,Louisiana,26423.66999999998
2011.0,Maine,1.9000000000000004
2011.0,Maryland,6397.200000000001
2011.0,Massachusetts,208.40000000000003
2011.0,Michigan,122.50999999999989
2011.0,Minnesota,158395.46000000107
2011.0,Mississippi,10162.890000000001
2011.0,Missouri,24399.92
2011.0,Montana,172139.78999999986
2011.0,Nebraska,18800.850000000002
2011.0,Nevada,434605.41999999684
2011.0,New Hampshire,2.2
2011.0,New Jersey,115.99999999999999
2011.0,New Mexico,1083466.9699999955
2011.0,New York,70.1
2011.0,North Carolina,46651.17999999993
2011.0,North Dakota,1391148.4800000002
2011.0,Ohio,88.14999999999998
2011.0,Oklahoma,217950.7999999998
2011.0,Oregon,600113.3199999931
2011.0,Pennsylvania,265.35
2011.0,Puerto Rico,1190.3
2011.0,Rhode Island,0.1
2011.0,South Carolina,5270.989999999999
2011.0,South Dakota,39304.91999999989
2011.0,Tennessee,3994.9499999999985
2011.0,Texas,718504.7299999997
2011.0,Utah,155031.79999999964
2011.0,Virginia,397946.17999999993
2011.0,Washington,33993.0299999996
2011.0,West Virginia,16.86
2011.0,Wisconsin,1096.25
2011.0,Wyoming,155768.22000000032
2012.0,Alabama,3492.97
2012.0,Alaska,428456.4000000001
2012.0,Arizona,275139.4500000037
2012.0,Arkansas,12702.530000000008
2012.0,California,754261.7399999991
2012.0,Colorado,668654.7399999974
2012.0,District of Columbia,4.4
2012.0,Florida,160155.3100000001
2012.0,Georgia,1403.3999999999994
2012.0,Hawaii,489535.39999999997
2012.0,Idaho,1969246.2800000017
2012.0,Illinois,92.44999999999997
2012.0,Indiana,1954.6499999999994
2012.0,Iowa,545.6000000000001
2012.0,Kansas,6255.229999999999
2012.0,Kentucky,4361.679999999999
2012.0,Louisiana,5568.160000000001
2012.0,Maine,4.9
2012.0,Maryland,754.6
2012.0,Massachusetts,50.1
2012.0,Michigan,4872.480000000005
2012.0,Minnesota,11296.55000000001
2012.0,Mississippi,162517.0
2012.0,Missouri,32453.62999999999
2012.0,Montana,1312494.5600000017
2012.0,Nebraska,423146.72000000003
2012.0,Nevada,1079230.6799999957
2012.0,New Hampshire,20.200000000000003
2012.0,New Jersey,157.79999999999998
2012.0,New Mexico,390463.08000000106
2012.0,New York,1208.8999999999999
2012.0,North Carolina,27359.39999999995
2012.0,North Dakota,196980.03000000014
2012.0,Ohio,317.43
2012.0,Oklahoma,152829.10000000015
2012.0,Oregon,1288534.789999995
2012.0,Pennsylvania,1031.4
2012.0,Puerto Rico,392.20000000000005
2012.0,South Carolina,2516.67
2012.0,South Dakota,178020.35000000044
2012.0,Tennessee,2086.0499999999997
2012.0,Texas,73387.49999999997
2012.0,Utah,919076.3799999992
2012.0,Vermont,6.039999999999999
2012.0,Virginia,55296.47999999997
2012.0,Washington,259551.540000001
2012.0,West Virginia,2122.72
2012.0,Wisconsin,836.8000000000001
2012.0,Wyoming,683456.159999998
2013.0,Alabama,3463.7
2013.0,Alaska,1738544.600000003
2013.0,Arizona,87826.91000000008
2013.0,Arkansas,17552.789999999986
2013.0,California,978665.3599999803
2013.0,Colorado,333965.3400000035
2013.0,District of Columbia,0.1
2013.0,Florida,112286.93000000002
2013.0,Georgia,137.57
2013.0,Hawaii,14724.5
2013.0,Idaho,887867.9599999941
2013.0,Illinois,41.77000000000001
2013.0,Indiana,836.4000000000001
2013.0,Iowa,189.6
2013.0,Kansas,879.1000000000001
2013.0,Kentucky,1712.6199999999997
2013.0,Louisiana,12649.980000000005
2013.0,Maine,2.3
2013.0,Maryland,361.80000000000007
2013.0,Massachusetts,487.5
2013.0,Michigan,225.96999999999971
2013.0,Minnesota,31933.499999999993
2013.0,Mississippi,7681.900000000006
2013.0,Missouri,4933.320000000001
2013.0,Montana,83016.11000000058
2013.0,Nebraska,6271.4000000000015
2013.0,Nevada,230595.33000000182
2013.0,New Hampshire,0.2
2013.0,New Jersey,307.3
2013.0,New Mexico,272112.84000000206
2013.0,New York,436.90000000000015
2013.0,North Carolina,10769.400000000003
2013.0,North Dakota,78000.10999999999
2013.0,Ohio,93.05000000000001
2013.0,Oklahoma,21522.69999999999
2013.0,Oregon,391744.87000000506
2013.0,Pennsylvania,161.91
2013.0,Puerto Rico,2369.4000000000005
2013.0,South Carolina,963.83
2013.0,South Dakota,12619.900000000143
2013.0,Tennessee,2022.6099999999983
2013.0,Texas,16244.530000000008
2013.0,Utah,306147.90999999933
2013.0,Vermont,16.700000000000003
2013.0,Virginia,12027.75
2013.0,Washington,66285.9200000002
2013.0,West Virginia,2173.42
2013.0,Wisconsin,607.8000000000002
2013.0,Wyoming,47177.32999999985
2014.0,Alabama,5779.0
2014.0,Alaska,630525.8999999996
2014.0,Arizona,207423.10000000143
2014.0,Arkansas,18869.699999999997
2014.0,California,375829.5999999898
2014.0,Colorado,86047.89999999985
2014.0,District of Columbia,0.2
2014.0,Florida,80253.2
2014.0,Georgia,3751.999999999998
2014.0,Hawaii,5.199999999999999
2014.0,Idaho,189946.1
2014.0,Illinois,582.6
2014.0,Indiana,1421.6000000000001
2014.0,Iowa,245.70000000000002
2014.0,Kansas,12582.099999999999
2014.0,Kentucky,6250.600000000001
2014.0,Louisiana,30838.8
2014.0,Maine,26.900000000000002
2014.0,Maryland,34202.299999999996
2014.0,Massachusetts,362.99999999999994
2014.0,Michigan,93.79999999999984
2014.0,Minnesota,3462.3000000000015
2014.0,Mississippi,17379.099999999995
2014.0,Missouri,5355.6
2014.0,Montana,38624.60000000005
2014.0,Nebraska,3148.4
2014.0,Nevada,93815.60000000092
2014.0,New Hampshire,0.2
2014.0,New Jersey,402.3
2014.0,New Mexico,44224.099999999795
2014.0,New York,76.00000000000001
2014.0,North Carolina,4708.499999999998
2014.0,North Dakota,264236.59999999986
2014.0,Ohio,148.49999999999997
2014.0,Oklahoma,126081.70000000008
2014.0,Oregon,1362443.499999973
2014.0,Pennsylvania,476.30000000000007
2014.0,Puerto Rico,459.30000000000007
2014.0,Rhode Island,0.3
2014.0,South Carolina,2343.1999999999994
2014.0,South Dakota,8305.199999999997
2014.0,Tennessee,2775.2999999999997
2014.0,Texas,54091.69999999998
2014.0,Utah,76768.09999999998
2014.0,Virginia,2062.2999999999997
2014.0,Washington,430141.9999999995
2014.0,West Virginia,166.29999999999998
2014.0,Wisconsin,684.1000000000001
2014.0,Wyoming,6533.300000000033
2015.0,Alabama,47.58000000000002
2015.0,Alaska,8122044.649999997
2015.0,Arizona,170812.060000002
2015.0,Arkansas,10957.390000000003
2015.0,California,528787.3300000001
2015.0,Colorado,471449.93999999994
2015.0,District of Columbia,2.2
2015.0,Florida,227480.75000000017
2015.0,Georgia,221177.15000000005
2015.0,Hawaii,4336.6
2015.0,Idaho,905524.8599999989
2015.0,Illinois,927.65
2015.0,Indiana,1943.13
2015.0,Iowa,373.45000000000005
2015.0,Kansas,8064.799999999999
2015.0,Kentucky,72673.71000000002
2015.0,Louisiana,2962.8799999999997
2015.0,Maine,6.4
2015.0,Maryland,46584.09999999999
2015.0,Massachusetts,917.1999999999999
2015.0,Michigan,2323.9799999999996
2015.0,Minnesota,52893.29999999998
2015.0,Mississippi,62617.82999999999
2015.0,Missouri,8694.25
2015.0,Montana,324812.5800000006
2015.0,Nebraska,4267.2
2015.0,Nevada,175256.8700000015
2015.0,New Hampshire,0.85
2015.0,New Jersey,203.8
2015.0,New Mexico,37706.47999999983
2015.0,New York,15.699999999999994
2015.0,North Carolina,6979.020000000008
2015.0,North Dakota,17212.410000000054
2015.0,Ohio,69.39000000000001
2015.0,Oklahoma,93252.11000000002
2015.0,Oregon,803401.129999985
2015.0,Pennsylvania,300.6
2015.0,Puerto Rico,359.75
2015.0,South Carolina,1420.36
2015.0,South Dakota,30224.100000000046
2015.0,Tennessee,3573.9299999999994
2015.0,Texas,36124.58999999998
2015.0,Utah,462310.5499999996
2015.0,Vermont,7.0
2015.0,Virginia,635.47
2015.0,Washington,1042857.1399999979
2015.0,West Virginia,230.79999999999998
2015.0,Wisconsin,1158.08
2015.0,Wyoming,34988.51999999989
2016.0,Alabama,8656.43
2016.0,Alaska,558391.1999999983
2016.0,American Samoa,0.0
2016.0,Arizona,277243.06000000227
2016.0,Arkansas,23286.64999999999
2016.0,California,418604.7600000001
2016.0,Colorado,366782.9200000021
2016.0,Connecticut,23.1
2016.0,District of Columbia,0.7999999999999999
2016.0,Florida,71974.61000000006
2016.0,Georgia,55502.709999999985
2016.0,Hawaii,0.2
2016.0,Idaho,349595.2000000004
2016.0,Illinois,116.5
2016.0,Indiana,2145.0
2016.0,Iowa,196.0
2016.0,Kansas,9280.099999999999
2016.0,Kentucky,2697.37
2016.0,Louisiana,19870.019999999993
2016.0,Maine,43.60000000000002
2016.0,Maryland,188541.60000000006
2016.0,Massachusetts,59.7
2016.0,Michigan,101.25
2016.0,Minnesota,3777.410000000005
2016.0,Mississippi,10097.100000000008
2016.0,Missouri,10875.27
2016.0,Montana,72544.40999999952
2016.0,Nebraska,5870.8
2016.0,Nevada,289739.2600000003
2016.0,New Hampshire,330.2500000000002
2016.0,New Jersey,250.60000000000002
2016.0,New Mexico,147919.79000000158
2016.0,New York,138.9
2016.0,North Carolina,38875.21999999993
2016.0,North Dakota,5973.599999999991
2016.0,Ohio,35.0
2016.0,Oklahoma,162609.49999999983
2016.0,Oregon,197517.94000000044
2016.0,Pennsylvania,209.15
2016.0,Puerto Rico,100.1
2016.0,Rhode Island,0.0
2016.0,South Carolina,2270.729999999999
2016.0,South Dakota,61398.269999999924
2016.0,Tennessee,24503.480000000007
2016.0,Texas,132207.76
2016.0,Utah,234775.2899999999
2016.0,Vermont,1.2999999999999998
2016.0,Virginia,33942.49999999999
2016.0,Washington,432892.2600000007
2016.0,West Virginia,7439.6
2016.0,Wisconsin,575.65
2016.0,Wyoming,245808.45000000045
2020.0,Alaska,1634418.1430000002
2020.0,Arizona,-27196.637239999996
2020.0,California,746923.5857
2020.0,Colorado,334236.609
2020.0,Florida,137426.909
2020.0,Georgia,155.6424232
2020.0,Idaho,739630.2241
2020.0,Montana,215896.0765
2020.0,Nevada,513088.8636
2020.0,New Mexico,370197.8109
2020.0,Oklahoma,182903.1895
2020.0,Oregon,654297.0087
2020.0,South Dakota,39488.98022
2020.0,Texas,178993.2688
2020.0,Utah,396562.0811
2020.0,Washington,323063.0394
2020.0,Wyoming,116536.444
2021.0,Alaska,1641951.54
2021.0,Arizona,-148879.1589
2021.0,California,746923.5857
2021.0,Colorado,334236.609
2021.0,Florida,137426.909
2021.0,Georgia,155.6424232
2021.0,Idaho,741755.3093
2021.0,Montana,215896.0765
2021.0,Nevada,516612.3631
2021.0,New Mexico,382393.7311
2021.0,Oklahoma,183319.4155
2021.0,Oregon,668227.8498
2021.0,South Dakota,39488.98022
2021.0,Texas,188630.5949
2021.0,Utah,406540.1921
2021.0,Washington,330623.3436
2021.0,Wyoming,116536.444
2022.0,Alaska,1648895.97
2022.0,Arizona,-270561.6805
2022.0,California,746923.5857
2022.0,Colorado,334236.609
2022.0,Florida,137426.909
2022.0,Georgia,155.6424232
2022.0,Idaho,743712.5685
2022.0,Montana,215896.0765
2022.0,Nevada,519975.0526
2022.0,New Mexico,394589.6514
2022.0,Oklahoma,183735.6414
2022.0,Oregon,682158.6909
2022.0,South Dakota,39488.98022
2022.0,Texas,198267.9209
2022.0,Utah,416518.3031
2022.0,Washington,338183.6478
2022.0,Wyoming,116536.444
2023.0,Alaska,1655297.4780000001
2023.0,Arizona,-392244.2021
2023.0,California,746923.5857
2023.0,Colorado,334236.609
2023.0,Florida,137426.909
2023.0,Georgia,155.6424232
2023.0,Idaho,745515.2555
2023.0,Montana,215896.0765
2023.0,Nevada,523184.2715
2023.0,New Mexico,406785.5716
2023.0,Oklahoma,184151.8674
2023.0,Oregon,696089.532
2023.0,South Dakota,39488.98022
2023.0,Texas,207905.247
2023.0,Utah,426496.414
2023.0,Washington,345743.95200000005
2023.0,Wyoming,116536.444
2024.0,Alaska,1661198.5119999999
2024.0,Arizona,-513926.7238
2024.0,California,746923.5857
2024.0,Colorado,334236.609
2024.0,Florida,137426.909
2024.0,Georgia,155.6424232
2024.0,Idaho,747175.5774
2024.0,Montana,215896.0765
2024.0,Nevada,526247.0239
2024.0,New Mexico,418981.4918
2024.0,Oklahoma,184568.0934
2024.0,Oregon,710020.373
2024.0,South Dakota,39488.98022
2024.0,Texas,217542.573
2024.0,Utah,436474.525
2024.0,Washington,353304.2562
2024.0,Wyoming,116536.444
